{"cameraMode":{"drawMode":0,"name":"Shaded","section":"Shading Mode"},"sceneLighting":true,"audioPlay":false,"sceneViewState":{"showFog":false,"showMaterialUpdate":false,"showSkybox":true,"showFlares":true,"showImageEffects":true,"showParticleSystems":true},"in2DMode":false,"pivot":{"x":28.293039321899415,"y":7.79758358001709,"z":12.21287727355957},"rotation":{"x":0.12042566388845444,"y":0.4886532425880432,"z":-0.06831322610378266,"w":0.8614234328269959},"size":15.795356750488282,"orthographic":false}